Country Code,PhoneNumber,Invalid Message
1,5803351881,[PhoneNumber]: There is no record of this data.
1,5803351889,[PhoneNumber]: There is no record of this data.
1,5803351919,[PhoneNumber]: There is no record of this data.
1,5804710478,[PhoneNumber]: There is no record of this data.
1,5804710955,[PhoneNumber]: There is no record of this data.
1,5804711441,[PhoneNumber]: There is no record of this data.
1,5804711475,[PhoneNumber]: There is no record of this data.
1,5804712671,[PhoneNumber]: There is no record of this data.
1,5804712979,[PhoneNumber]: There is no record of this data.
1,5804713398,[PhoneNumber]: There is no record of this data.
1,5804715112,[PhoneNumber]: There is no record of this data.
1,5804717654,[PhoneNumber]: There is no record of this data.
1,5804719863,[PhoneNumber]: There is no record of this data.
1,5804810457,[PhoneNumber]: There is no record of this data.
1,5804814133,[PhoneNumber]: There is no record of this data.
1,5804814709,[PhoneNumber]: There is no record of this data.
1,5805122393,[PhoneNumber]: There is no record of this data.
1,5805128686,[PhoneNumber]: There is no record of this data.
1,5805129305,[PhoneNumber]: There is no record of this data.
1,5805913704,[PhoneNumber]: There is no record of this data.
1,9403570102,[PhoneNumber]: There is no record of this data.
1,9406558197,[PhoneNumber]: There is no record of this data.
1,9406558361,[PhoneNumber]: There is no record of this data.
1,9407330306,[PhoneNumber]: There is no record of this data.
1,9407331087,[PhoneNumber]: There is no record of this data.
1,9407334045,[PhoneNumber]: There is no record of this data.
1,9407811365,[PhoneNumber]: There is no record of this data.
1,9408395253,[PhoneNumber]: There is no record of this data.
1,9408395602,[PhoneNumber]: There is no record of this data.
1,9408395990,[PhoneNumber]: There is no record of this data.
1,9408396014,[PhoneNumber]: There is no record of this data.
1,9408396035,[PhoneNumber]: There is no record of this data.
1,9408396505,[PhoneNumber]: There is no record of this data.
1,9408396746,[PhoneNumber]: There is no record of this data.
1,9408396800,[PhoneNumber]: There is no record of this data.
1,9408397059,[PhoneNumber]: There is no record of this data.
1,9408397208,[PhoneNumber]: There is no record of this data.
1,9408397278,[PhoneNumber]: There is no record of this data.
1,9408397356,[PhoneNumber]: There is no record of this data.
1,9408397679,[PhoneNumber]: There is no record of this data.
1,9408398800,[PhoneNumber]: There is no record of this data.
1,9408868273,[PhoneNumber]: There is no record of this data.
1,9408868312,[PhoneNumber]: There is no record of this data.
1,9408868595,[PhoneNumber]: There is no record of this data.
1,9408879001,[PhoneNumber]: There is no record of this data.
1,9408879041,[PhoneNumber]: There is no record of this data.
1,9408879089,[PhoneNumber]: There is no record of this data.
1,9408879105,[PhoneNumber]: There is no record of this data.
1,9408879214,[PhoneNumber]: There is no record of this data.
1,9408879219,[PhoneNumber]: There is no record of this data.
1,5804818407,[PhoneNumber]: There is no record of this data.
1,5803010719,[PhoneNumber]: There is no record of this data.
1,9408866080,[PhoneNumber]: There is no record of this data.
1,9408879082,[PhoneNumber]: There is no record of this data.
1,5805857776,[PhoneNumber]: There is no record of this data.
1,5803354026,[PhoneNumber]: There is no record of this data.
1,4057797291,[PhoneNumber]: There is no record of this data.
1,5803351519,[PhoneNumber]: There is no record of this data.
1,5804715850,[PhoneNumber]: There is no record of this data.
1,9408396368,[PhoneNumber]: There is no record of this data.
1,5803052042,[PhoneNumber]: There is no record of this data.
